<?xml version="1.0" encoding="UTF-8"?>
<MF0 version="1.1" packageUris="http://schema.mathworks.com/mf0/ci/19700101 http://schema.mathworks.com/mf0/sl_modelref_info/R2024b http://schema.mathworks.com/mf0/slexec_mm_sto/R2024a_202305081229 http://schema.mathworks.com/mf0/sltp_mm/R2024b_202402211119">
  <ModelRefInfoRepo.ModelRefInfoRoot type="ModelRefInfoRepo.ModelRefInfoRoot" uuid="a23d356c-8a9a-4023-837c-17793bb74c14">
    <childModelRefInfo type="ModelRefInfoRepo.ChildModelRefInfo" uuid="620e9902-d3e2-4ade-b8f9-5454aea6d5df">
      <modelName>MathematicalModel</modelName>
      <modelPath>MathematicalModel</modelPath>
    </childModelRefInfo>
    <clockResolutions type="ModelRefInfoRepo.ClockResolutionInfo" uuid="9362b5a5-7d72-4c0d-ba4c-4e4f39a96b16">
      <rateIdx>2</rateIdx>
      <resolution>2e-05</resolution>
      <source>DeducedFromSampleTime</source>
    </clockResolutions>
    <compDerivCacheNeedsReset>false</compDerivCacheNeedsReset>
    <compZcCacheNeedsReset>false</compZcCacheNeedsReset>
    <compiledTFinal>50.0</compiledTFinal>
    <dataSourceInfo type="ModelRefInfoRepo.DataSourceInfo" uuid="e0921ba1-b5f1-4b14-8d9b-fa5452139bc0">
      <dataSources type="ModelRefInfoRepo.SourceInfo" uuid="667a4a5a-5d61-41d1-9dca-1b6fe589ccdf">
        <includeAllSections>true</includeAllSections>
        <sourceName>base workspace</sourceName>
        <type>BaseWorkspace</type>
      </dataSources>
      <modelName>MathematicalModel</modelName>
    </dataSourceInfo>
    <dataTransferInfos>AAFJTQAAAAAOAAAAOAAAAAYAAAAIAAAAAgAAAAAAAAAFAAAACAAAAAAAAAABAAAAAQAAAAAAAAAFAAQAAQAAAAEAAAAAAAAA</dataTransferInfos>
    <defaultsCMapping>{&quot;Inports&quot;:&quot;{\&quot;Name\&quot;:\&quot;Default\&quot;,\&quot;Checksum\&quot;:\&quot;Default\&quot;,\&quot;PerInstancePropertiesChecksum\&quot;:\&quot;\&quot;,\&quot;MemorySectionName\&quot;:\&quot;\&quot;,\&quot;MemorySectionChecksum\&quot;:\&quot;\&quot;}&quot;,&quot;Outports&quot;:&quot;{\&quot;Name\&quot;:\&quot;Default\&quot;,\&quot;Checksum\&quot;:\&quot;Default\&quot;,\&quot;PerInstancePropertiesChecksum\&quot;:\&quot;\&quot;,\&quot;MemorySectionName\&quot;:\&quot;\&quot;,\&quot;MemorySectionChecksum\&quot;:\&quot;\&quot;}&quot;,&quot;ParameterArguments&quot;:&quot;{\&quot;Name\&quot;:\&quot;Default\&quot;,\&quot;Checksum\&quot;:\&quot;Default\&quot;,\&quot;PerInstancePropertiesChecksum\&quot;:\&quot;\&quot;,\&quot;MemorySectionName\&quot;:\&quot;None\&quot;,\&quot;MemorySectionChecksum\&quot;:\&quot;None\&quot;}&quot;,&quot;LocalParameters&quot;:&quot;{\&quot;Name\&quot;:\&quot;Default\&quot;,\&quot;Checksum\&quot;:\&quot;Default\&quot;,\&quot;PerInstancePropertiesChecksum\&quot;:\&quot;\&quot;,\&quot;MemorySectionName\&quot;:\&quot;\&quot;,\&quot;MemorySectionChecksum\&quot;:\&quot;\&quot;}&quot;,&quot;GlobalParameters&quot;:&quot;{\&quot;Name\&quot;:\&quot;Default\&quot;,\&quot;Checksum\&quot;:\&quot;Default\&quot;,\&quot;PerInstancePropertiesChecksum\&quot;:\&quot;\&quot;,\&quot;MemorySectionName\&quot;:\&quot;\&quot;,\&quot;MemorySectionChecksum\&quot;:\&quot;\&quot;}&quot;,&quot;InternalData&quot;:&quot;{\&quot;Name\&quot;:\&quot;Default\&quot;,\&quot;Checksum\&quot;:\&quot;Default\&quot;,\&quot;PerInstancePropertiesChecksum\&quot;:\&quot;\&quot;,\&quot;MemorySectionName\&quot;:\&quot;\&quot;,\&quot;MemorySectionChecksum\&quot;:\&quot;\&quot;}&quot;,&quot;SharedLocalDataStores&quot;:&quot;{\&quot;Name\&quot;:\&quot;Default\&quot;,\&quot;Checksum\&quot;:\&quot;Default\&quot;,\&quot;PerInstancePropertiesChecksum\&quot;:\&quot;\&quot;,\&quot;MemorySectionName\&quot;:\&quot;None\&quot;,\&quot;MemorySectionChecksum\&quot;:\&quot;None\&quot;}&quot;,&quot;GlobalDataStores&quot;:&quot;{\&quot;Name\&quot;:\&quot;Default\&quot;,\&quot;Checksum\&quot;:\&quot;Default\&quot;,\&quot;PerInstancePropertiesChecksum\&quot;:\&quot;\&quot;,\&quot;MemorySectionName\&quot;:\&quot;None\&quot;,\&quot;MemorySectionChecksum\&quot;:\&quot;None\&quot;}&quot;,&quot;Constants&quot;:&quot;{\&quot;Name\&quot;:\&quot;Default\&quot;,\&quot;Checksum\&quot;:\&quot;Default\&quot;,\&quot;PerInstancePropertiesChecksum\&quot;:\&quot;\&quot;,\&quot;MemorySectionName\&quot;:\&quot;\&quot;,\&quot;MemorySectionChecksum\&quot;:\&quot;\&quot;}&quot;,&quot;DataTransfers&quot;:&quot;{\&quot;Name\&quot;:\&quot;Default\&quot;,\&quot;Checksum\&quot;:\&quot;Default\&quot;,\&quot;PerInstancePropertiesChecksum\&quot;:\&quot;\&quot;,\&quot;MemorySectionName\&quot;:\&quot;None\&quot;,\&quot;MemorySectionChecksum\&quot;:\&quot;None\&quot;}&quot;,&quot;ModelData&quot;:&quot;{\&quot;Name\&quot;:\&quot;Default\&quot;,\&quot;Checksum\&quot;:\&quot;Default\&quot;,\&quot;PerInstancePropertiesChecksum\&quot;:\&quot;\&quot;,\&quot;MemorySectionName\&quot;:\&quot;None\&quot;,\&quot;MemorySectionChecksum\&quot;:\&quot;None\&quot;}&quot;,&quot;InitializeTerminate&quot;:&quot;{\&quot;Name\&quot;:\&quot;Default\&quot;,\&quot;Checksum\&quot;:\&quot;Default\&quot;,\&quot;PerInstancePropertiesChecksum\&quot;:\&quot;\&quot;,\&quot;MemorySectionName\&quot;:\&quot;\&quot;,\&quot;MemorySectionChecksum\&quot;:\&quot;\&quot;}&quot;,&quot;Execution&quot;:&quot;{\&quot;Name\&quot;:\&quot;Default\&quot;,\&quot;Checksum\&quot;:\&quot;Default\&quot;,\&quot;PerInstancePropertiesChecksum\&quot;:\&quot;\&quot;,\&quot;MemorySectionName\&quot;:\&quot;\&quot;,\&quot;MemorySectionChecksum\&quot;:\&quot;\&quot;}&quot;,&quot;SharedUtility&quot;:&quot;{\&quot;Name\&quot;:\&quot;Default\&quot;,\&quot;Checksum\&quot;:\&quot;Default\&quot;,\&quot;PerInstancePropertiesChecksum\&quot;:\&quot;\&quot;,\&quot;MemorySectionName\&quot;:\&quot;\&quot;,\&quot;MemorySectionChecksum\&quot;:\&quot;\&quot;}&quot;}</defaultsCMapping>
    <fastestNoncontSigFeedingDerivPorts>2e-05</fastestNoncontSigFeedingDerivPorts>
    <globalVariables>A</globalVariables>
    <globalVariables>Cd</globalVariables>
    <globalVariables>V</globalVariables>
    <globalVariables>g</globalVariables>
    <globalVariables>m</globalVariables>
    <globalVariables>rho</globalVariables>
    <globalVariables>tau</globalVariables>
    <hasBlockUsingZOHContinuousSampleTime>true</hasBlockUsingZOHContinuousSampleTime>
    <hasBlockWithPeriodicDiscreteSampleTime>true</hasBlockWithPeriodicDiscreteSampleTime>
    <hasBwsAccessed>true</hasBwsAccessed>
    <hasContinuousSampleTime>true</hasContinuousSampleTime>
    <hasInlineVariantBlock>true</hasInlineVariantBlock>
    <hasNonVirtualParameterChangeEvents>true</hasNonVirtualParameterChangeEvents>
    <hasNoncontSigFeedingDerivPorts>true</hasNoncontSigFeedingDerivPorts>
    <hasSignalLogging>true</hasSignalLogging>
    <hasVariantModelOrSubsystem>true</hasVariantModelOrSubsystem>
    <loggingSaveFormat>2</loggingSaveFormat>
    <massMatrixNzMax>5</massMatrixNzMax>
    <maxFreqHz>-1.0</maxFreqHz>
    <needAbsoluteTimeDisallowInitPort>true</needAbsoluteTimeDisallowInitPort>
    <needsAbsoluteTime>true</needsAbsoluteTime>
    <nonTunableVariables>A</nonTunableVariables>
    <nonTunableVariables>Cd</nonTunableVariables>
    <nonTunableVariables>m</nonTunableVariables>
    <nonTunableVariables>rho</nonTunableVariables>
    <nonTunableVariables>tau</nonTunableVariables>
    <numCStateRecs>4</numCStateRecs>
    <numContinuousStates>5</numContinuousStates>
    <numDStateRecs>2</numDStateRecs>
    <numDataInputPorts>0</numDataInputPorts>
    <numLoggableCStateRecs>4</numLoggableCStateRecs>
    <numLoggableDStateRecs>2</numLoggableDStateRecs>
    <numLoggableJacobianDStates>2</numLoggableJacobianDStates>
    <runtimeNonFcnCallRateInfos type="ModelRefInfoRepo.RateInfo">
      <compiled>true</compiled>
      <needAbsoluteTime>true</needAbsoluteTime>
      <period>0.0</period>
      <priority>40</priority>
      <rateIdx>0</rateIdx>
    </runtimeNonFcnCallRateInfos>
    <runtimeNonFcnCallRateInfos type="ModelRefInfoRepo.RateInfo">
      <compiled>true</compiled>
      <needAbsoluteTime>true</needAbsoluteTime>
      <offset>1.0</offset>
      <period>0.0</period>
      <priority>40</priority>
      <rateIdx>1</rateIdx>
    </runtimeNonFcnCallRateInfos>
    <runtimeNonFcnCallRateInfos type="ModelRefInfoRepo.RateInfo">
      <compiled>true</compiled>
      <needAbsoluteTime>true</needAbsoluteTime>
      <nonFcnCallPartitionName>Cont</nonFcnCallPartitionName>
      <period>2e-05</period>
      <priority>40</priority>
      <rateIdx>2</rateIdx>
    </runtimeNonFcnCallRateInfos>
    <runtimeNonFcnCallRateInfos type="ModelRefInfoRepo.RateInfo">
      <compiled>true</compiled>
      <nonFcnCallPartitionName>Cont</nonFcnCallPartitionName>
      <period>.5</period>
      <priority>40</priority>
      <rateIdx>3</rateIdx>
    </runtimeNonFcnCallRateInfos>
    <sampleTimeInheritanceRule>2</sampleTimeInheritanceRule>
    <solverStatusFlags>32781</solverStatusFlags>
    <timingAndTaskingRegistry>&lt;?xml version=&quot;1.0&quot;?&gt;
&lt;slexec_sto version=&quot;1.1&quot; packageUris=&quot;http://schema.mathworks.com/mf0/slexec_mm_sto/R2024a_202305081229&quot;&gt;
  &lt;sto.Registry type=&quot;sto.Registry&quot; uuid=&quot;35b3237b-a684-46b7-9e77-7adb7359abe6&quot;&gt;
    &lt;executionSpec&gt;Undetermined&lt;/executionSpec&gt;
    &lt;identifier&gt;MathematicalModel&lt;/identifier&gt;
    &lt;clockRegistry type=&quot;sto.ClockRegistry&quot; uuid=&quot;259bae68-143d-4b0f-abd7-e222d36ecc66&quot;&gt;
      &lt;clocks type=&quot;sto.Timer&quot; uuid=&quot;e05219c8-4e78-4d7d-8db2-45d88a5f0ce7&quot;&gt;
        &lt;computedFundamentalDiscretePeriod&gt;2e-05&lt;/computedFundamentalDiscretePeriod&gt;
        &lt;fastestDiscreteRate type=&quot;sto.ClassicPeriodicDiscreteRate&quot; uuid=&quot;0e7bc023-61b2-4c84-907e-8f7ea9665bf2&quot;/&gt;
        &lt;isDefaultTimer&gt;true&lt;/isDefaultTimer&gt;
        &lt;identifier&gt;MathematicalModel::defaultTimer&lt;/identifier&gt;
        &lt;rates type=&quot;sto.ContinuousRate&quot; uuid=&quot;a62d4126-8ba6-4031-a21e-89d657c24238&quot;&gt;
          &lt;annotation&gt;Cont&lt;/annotation&gt;
          &lt;clockId&gt;MathematicalModel::defaultTimer&lt;/clockId&gt;
          &lt;colorIndex&gt;-1&lt;/colorIndex&gt;
          &lt;description&gt;Continuous&lt;/description&gt;
          &lt;taskId&gt;_task0&lt;/taskId&gt;
          &lt;rateSpec type=&quot;sto.RateSpec&quot; uuid=&quot;3e124868-0ad8-4aaa-bb7b-f15f7bc27205&quot;/&gt;
        &lt;/rates&gt;
        &lt;rates type=&quot;sto.ZOHContinuousRate&quot; uuid=&quot;1aa85c61-7774-4f61-98c1-a9bbd1cfb654&quot;&gt;
          &lt;annotation&gt;FiM&lt;/annotation&gt;
          &lt;clockId&gt;MathematicalModel::defaultTimer&lt;/clockId&gt;
          &lt;colorIndex&gt;-1&lt;/colorIndex&gt;
          &lt;description&gt;Fixed in Minor Step&lt;/description&gt;
          &lt;rateIdx&gt;1&lt;/rateIdx&gt;
          &lt;taskId&gt;_task0&lt;/taskId&gt;
          &lt;rateSpec type=&quot;sto.RateSpec&quot; uuid=&quot;5a0c4154-3ed7-4fbf-afb8-e8e95301e37d&quot;&gt;
            &lt;offset&gt;1.0&lt;/offset&gt;
            &lt;rateType&gt;ZOHContinuous&lt;/rateType&gt;
          &lt;/rateSpec&gt;
        &lt;/rates&gt;
        &lt;rates type=&quot;sto.ClassicPeriodicDiscreteRate&quot; uuid=&quot;0e7bc023-61b2-4c84-907e-8f7ea9665bf2&quot;&gt;
          &lt;annotation&gt;D1&lt;/annotation&gt;
          &lt;clockId&gt;MathematicalModel::defaultTimer&lt;/clockId&gt;
          &lt;description&gt;Discrete 1&lt;/description&gt;
          &lt;rateIdx&gt;2&lt;/rateIdx&gt;
          &lt;taskId&gt;_task0&lt;/taskId&gt;
          &lt;rateSpec type=&quot;sto.RateSpec&quot; uuid=&quot;7086a9da-6bdb-44e1-bd2e-eb995bcfe277&quot;&gt;
            &lt;period&gt;2e-05&lt;/period&gt;
            &lt;rateType&gt;ClassicPeriodicDiscrete&lt;/rateType&gt;
          &lt;/rateSpec&gt;
        &lt;/rates&gt;
        &lt;rates type=&quot;sto.ClassicPeriodicDiscreteRate&quot; uuid=&quot;43ba901f-2968-4d81-aa70-9764d175766c&quot;&gt;
          &lt;annotation&gt;D2&lt;/annotation&gt;
          &lt;clockId&gt;MathematicalModel::defaultTimer&lt;/clockId&gt;
          &lt;colorIndex&gt;1&lt;/colorIndex&gt;
          &lt;description&gt;Discrete 2&lt;/description&gt;
          &lt;rateIdx&gt;3&lt;/rateIdx&gt;
          &lt;taskId&gt;_task0&lt;/taskId&gt;
          &lt;rateSpec type=&quot;sto.RateSpec&quot; uuid=&quot;813da339-6043-4d47-84b1-71c823c0f899&quot;&gt;
            &lt;period&gt;.5&lt;/period&gt;
            &lt;rateType&gt;ClassicPeriodicDiscrete&lt;/rateType&gt;
          &lt;/rateSpec&gt;
        &lt;/rates&gt;
        &lt;baseRate type=&quot;sto.ContinuousRate&quot; uuid=&quot;14e50e5b-e1b3-4b92-bc16-53d34155f58b&quot;&gt;
          &lt;annotation&gt;Cont&lt;/annotation&gt;
          &lt;clockId&gt;MathematicalModel::defaultTimer&lt;/clockId&gt;
          &lt;colorIndex&gt;-1&lt;/colorIndex&gt;
          &lt;description&gt;Continuous&lt;/description&gt;
          &lt;taskId&gt;_task0&lt;/taskId&gt;
          &lt;rateSpec type=&quot;sto.RateSpec&quot; uuid=&quot;e0a1954f-5481-43ed-b76e-830a949e2d58&quot;/&gt;
        &lt;/baseRate&gt;
      &lt;/clocks&gt;
      &lt;clocks type=&quot;sto.Event&quot; uuid=&quot;7f7e6a9e-46ef-409a-9901-fc7d916608f4&quot;&gt;
        &lt;eventType&gt;PARAMETER_CHANGE_EVENT&lt;/eventType&gt;
        &lt;cNum&gt;1&lt;/cNum&gt;
        &lt;clockType&gt;Event&lt;/clockType&gt;
        &lt;identifier&gt;ParameterChangeEvent&lt;/identifier&gt;
        &lt;rates type=&quot;sto.ModelWideEventRate&quot; uuid=&quot;eb4d2050-6e23-4f48-af0e-486a4f4e67da&quot;&gt;
          &lt;annotation&gt;Inf&lt;/annotation&gt;
          &lt;clockId&gt;ParameterChangeEvent&lt;/clockId&gt;
          &lt;colorIndex&gt;-1&lt;/colorIndex&gt;
          &lt;description&gt;Constant&lt;/description&gt;
          &lt;rateIdx&gt;4&lt;/rateIdx&gt;
          &lt;taskId&gt;ModelWideParameterChangeEvent&lt;/taskId&gt;
          &lt;rateSpec type=&quot;sto.RateSpec&quot; uuid=&quot;51a49e39-2cf2-44ba-9b5f-e2bdab4909ec&quot;&gt;
            &lt;period&gt;inf&lt;/period&gt;
            &lt;rateType&gt;ModelWideParameterChangeEvent&lt;/rateType&gt;
          &lt;/rateSpec&gt;
        &lt;/rates&gt;
      &lt;/clocks&gt;
    &lt;/clockRegistry&gt;
    &lt;taskRegistry type=&quot;sto.TaskRegistry&quot; uuid=&quot;a3c32069-7f8a-4695-8cf2-d58d28e9c36e&quot;&gt;
      &lt;hasUnknownEdges&gt;true&lt;/hasUnknownEdges&gt;
      &lt;rootTaskHierarchyElements type=&quot;sto.Task&quot; uuid=&quot;22f73eb5-8c2b-40ab-a3b7-776049004ef7&quot;&gt;
        &lt;isExecutable&gt;true&lt;/isExecutable&gt;
        &lt;isExplicit&gt;true&lt;/isExplicit&gt;
        &lt;rates type=&quot;sto.ModelWideEventRate&quot; uuid=&quot;24841c97-076a-4247-b99b-03d560224313&quot;&gt;
          &lt;annotation&gt;Inf&lt;/annotation&gt;
          &lt;clockId&gt;ParameterChangeEvent&lt;/clockId&gt;
          &lt;colorIndex&gt;-1&lt;/colorIndex&gt;
          &lt;description&gt;Constant&lt;/description&gt;
          &lt;rateIdx&gt;4&lt;/rateIdx&gt;
          &lt;taskId&gt;ModelWideParameterChangeEvent&lt;/taskId&gt;
          &lt;rateSpec type=&quot;sto.RateSpec&quot; uuid=&quot;9c1a8311-6213-45be-a110-4aa2ad2a04be&quot;&gt;
            &lt;period&gt;inf&lt;/period&gt;
            &lt;rateType&gt;ModelWideParameterChangeEvent&lt;/rateType&gt;
          &lt;/rateSpec&gt;
        &lt;/rates&gt;
        &lt;schedulingClockId&gt;ParameterChangeEvent&lt;/schedulingClockId&gt;
        &lt;tNum&gt;1&lt;/tNum&gt;
        &lt;timeKeeperClockId&gt;MathematicalModel::defaultTimer&lt;/timeKeeperClockId&gt;
        &lt;elementType&gt;Task&lt;/elementType&gt;
        &lt;identifier&gt;ModelWideParameterChangeEvent&lt;/identifier&gt;
        &lt;priority&gt;-1&lt;/priority&gt;
      &lt;/rootTaskHierarchyElements&gt;
      &lt;rootTaskHierarchyElements type=&quot;sto.Task&quot; uuid=&quot;3036c43a-1b93-4164-b114-13f3dd4acb33&quot;&gt;
        &lt;isExecutable&gt;true&lt;/isExecutable&gt;
        &lt;orderIndex&gt;1&lt;/orderIndex&gt;
        &lt;rates type=&quot;sto.ContinuousRate&quot; uuid=&quot;c21f7053-308a-4f22-bf11-2e9d5e53c431&quot;&gt;
          &lt;annotation&gt;Cont&lt;/annotation&gt;
          &lt;clockId&gt;MathematicalModel::defaultTimer&lt;/clockId&gt;
          &lt;colorIndex&gt;-1&lt;/colorIndex&gt;
          &lt;description&gt;Continuous&lt;/description&gt;
          &lt;taskId&gt;_task0&lt;/taskId&gt;
          &lt;rateSpec type=&quot;sto.RateSpec&quot; uuid=&quot;30b973e6-8852-42d1-b52b-12f2abd2fa9d&quot;/&gt;
        &lt;/rates&gt;
        &lt;rates type=&quot;sto.ZOHContinuousRate&quot; uuid=&quot;0c936b7a-0719-48c5-a001-0ebde5381d96&quot;&gt;
          &lt;annotation&gt;FiM&lt;/annotation&gt;
          &lt;clockId&gt;MathematicalModel::defaultTimer&lt;/clockId&gt;
          &lt;colorIndex&gt;-1&lt;/colorIndex&gt;
          &lt;description&gt;Fixed in Minor Step&lt;/description&gt;
          &lt;rateIdx&gt;1&lt;/rateIdx&gt;
          &lt;taskId&gt;_task0&lt;/taskId&gt;
          &lt;rateSpec type=&quot;sto.RateSpec&quot; uuid=&quot;b5ab9c3c-86dc-4968-911e-bfd72fea42d5&quot;&gt;
            &lt;offset&gt;1.0&lt;/offset&gt;
            &lt;rateType&gt;ZOHContinuous&lt;/rateType&gt;
          &lt;/rateSpec&gt;
        &lt;/rates&gt;
        &lt;rates type=&quot;sto.ClassicPeriodicDiscreteRate&quot; uuid=&quot;5990db72-fd4d-4c72-9089-5bb70e59553a&quot;&gt;
          &lt;annotation&gt;D1&lt;/annotation&gt;
          &lt;clockId&gt;MathematicalModel::defaultTimer&lt;/clockId&gt;
          &lt;description&gt;Discrete 1&lt;/description&gt;
          &lt;rateIdx&gt;2&lt;/rateIdx&gt;
          &lt;taskId&gt;_task0&lt;/taskId&gt;
          &lt;rateSpec type=&quot;sto.RateSpec&quot; uuid=&quot;98470a26-8f03-4ecf-a8e0-0c7031867bfe&quot;&gt;
            &lt;period&gt;2e-05&lt;/period&gt;
            &lt;rateType&gt;ClassicPeriodicDiscrete&lt;/rateType&gt;
          &lt;/rateSpec&gt;
        &lt;/rates&gt;
        &lt;rates type=&quot;sto.ClassicPeriodicDiscreteRate&quot; uuid=&quot;869efcde-8dd7-46d6-8eb8-8b7a771f846c&quot;&gt;
          &lt;annotation&gt;D2&lt;/annotation&gt;
          &lt;clockId&gt;MathematicalModel::defaultTimer&lt;/clockId&gt;
          &lt;colorIndex&gt;1&lt;/colorIndex&gt;
          &lt;description&gt;Discrete 2&lt;/description&gt;
          &lt;rateIdx&gt;3&lt;/rateIdx&gt;
          &lt;taskId&gt;_task0&lt;/taskId&gt;
          &lt;rateSpec type=&quot;sto.RateSpec&quot; uuid=&quot;eb3430e1-bd0c-41f8-a391-6581eaff01cd&quot;&gt;
            &lt;period&gt;.5&lt;/period&gt;
            &lt;rateType&gt;ClassicPeriodicDiscrete&lt;/rateType&gt;
          &lt;/rateSpec&gt;
        &lt;/rates&gt;
        &lt;schedulingClockId&gt;MathematicalModel::defaultTimer&lt;/schedulingClockId&gt;
        &lt;timeKeeperClockId&gt;MathematicalModel::defaultTimer&lt;/timeKeeperClockId&gt;
        &lt;elementType&gt;Task&lt;/elementType&gt;
        &lt;identifier&gt;_task0&lt;/identifier&gt;
        &lt;priority&gt;40&lt;/priority&gt;
      &lt;/rootTaskHierarchyElements&gt;
      &lt;taskDependencyGraph type=&quot;sto.SerializedTaskConnectionList&quot; uuid=&quot;387a847d-927f-42ee-ab9b-3065815ee7f3&quot;&gt;
        &lt;clockIdentifier&gt;MathematicalModel::defaultTimer&lt;/clockIdentifier&gt;
        &lt;taskIdentifier&gt;_task0&lt;/taskIdentifier&gt;
      &lt;/taskDependencyGraph&gt;
      &lt;taskDependencyGraph type=&quot;sto.SerializedTaskConnectionList&quot; uuid=&quot;96782364-8e8e-4bfd-b95f-9e65bf5ce1f0&quot;&gt;
        &lt;clockIdentifier&gt;ParameterChangeEvent&lt;/clockIdentifier&gt;
        &lt;serializedConnectionProperties type=&quot;sto.SerializedConnectionProperties&quot; uuid=&quot;4c4c2a6a-08e2-4d6f-9b87-45e2ca95badb&quot;&gt;
          &lt;targetClockIdentifier&gt;MathematicalModel::defaultTimer&lt;/targetClockIdentifier&gt;
          &lt;targetTaskIdentifier&gt;_task0&lt;/targetTaskIdentifier&gt;
        &lt;/serializedConnectionProperties&gt;
        &lt;taskIdentifier&gt;ModelWideParameterChangeEvent&lt;/taskIdentifier&gt;
      &lt;/taskDependencyGraph&gt;
      &lt;taskPriorityDirection&gt;HighNumberLast&lt;/taskPriorityDirection&gt;
    &lt;/taskRegistry&gt;
  &lt;/sto.Registry&gt;
&lt;/slexec_sto&gt;</timingAndTaskingRegistry>
    <zeroCrossingInfo type="ModelRefInfoRepo.ZeroCrossingInfo" uuid="18e4e7aa-fbd5-4685-a665-416ebbb39b83">
      <direction>7</direction>
      <isDiscrete>false</isDiscrete>
      <name>StepTime</name>
      <tolerance>-1.0</tolerance>
      <width>1</width>
    </zeroCrossingInfo>
    <zeroCrossingInfo type="ModelRefInfoRepo.ZeroCrossingInfo" uuid="6d00ebdf-7e2a-48f7-9c8d-5d963ce2947f">
      <direction>63</direction>
      <isDiscrete>false</isDiscrete>
      <name>UprLim</name>
      <tolerance>-1.0</tolerance>
      <width>1</width>
    </zeroCrossingInfo>
    <zeroCrossingInfo type="ModelRefInfoRepo.ZeroCrossingInfo" uuid="2f428fa8-2b07-43f7-80ad-80a5085d1164">
      <direction>63</direction>
      <isDiscrete>false</isDiscrete>
      <name>LwrLim</name>
      <tolerance>-1.0</tolerance>
      <width>1</width>
    </zeroCrossingInfo>
    <FMUBlockMap type="ModelRefInfoRepo.FMUBlockInfo" uuid="55c33aec-0fdf-4a55-87fd-5d6e9ba12d4b"/>
    <codeGenInfo type="ModelRefInfoRepo.CodeGenInformation" uuid="63c33861-2f71-4d93-8e57-5d21cc125060"/>
    <compiledVariantInfos type="ModelRefInfoRepo.CompiledVariantInfoMap" uuid="4d68b4e9-36f3-4f9b-b13e-d69c6135dbc0"/>
    <configSettingsForConsistencyChecks type="ModelRefInfoRepo.ConfigSettingsForConsistencyChecks" uuid="e887425f-c207-4116-9cf5-a5145c161feb">
      <consistentOutportInitialization>true</consistentOutportInitialization>
      <frameDiagnosticSetting>2</frameDiagnosticSetting>
      <maxStepSize>1.0</maxStepSize>
      <signalLoggingSaveFormat>2</signalLoggingSaveFormat>
      <simSIMDOptimization>1</simSIMDOptimization>
      <solverName>VariableStepAuto</solverName>
      <hardwareSettings type="ModelRefInfoRepo.HardwareSettings" uuid="6811128e-1e75-4ae7-bccf-1603bcaad7fc">
        <prodBitPerChar>8</prodBitPerChar>
        <prodBitPerDouble>64</prodBitPerDouble>
        <prodBitPerFloat>32</prodBitPerFloat>
        <prodBitPerInt>32</prodBitPerInt>
        <prodBitPerLong>32</prodBitPerLong>
        <prodBitPerLongLong>64</prodBitPerLongLong>
        <prodBitPerPointer>32</prodBitPerPointer>
        <prodBitPerPtrDiffT>32</prodBitPerPtrDiffT>
        <prodBitPerShort>16</prodBitPerShort>
        <prodBitPerSizeT>32</prodBitPerSizeT>
        <prodEndianess>1</prodEndianess>
        <prodLargestAtomicFloat>1</prodLargestAtomicFloat>
        <prodLargestAtomicInteger>3</prodLargestAtomicInteger>
        <prodShiftRight>true</prodShiftRight>
        <prodWordSize>32</prodWordSize>
      </hardwareSettings>
    </configSettingsForConsistencyChecks>
    <controllableInputRatesMap type="ModelRefInfoRepo.VarTsUIDMap" uuid="ad8f015b-4895-425b-83d7-0a972044e79d"/>
    <controllableOutputRatesMap type="ModelRefInfoRepo.VarTsUIDMap" uuid="14ce853f-fe74-4721-a149-d743e3eceb1e"/>
    <dataPortGroup type="ModelRefInfoRepo.DataPortGroup" uuid="b8582bd5-25ac-4655-8fb7-2be700a78fd3"/>
    <expFcnUnconnectedDataPortGroup type="ModelRefInfoRepo.DataPortGroup" uuid="242017b3-148c-45bd-a15a-7eb5e7dc6ec5"/>
    <interfaceParameterInfo type="ModelRefInfoRepo.InterfaceParameterInfo" uuid="02bdb762-6460-4d2d-a985-d2d13471686c">
      <globalVariables type="ModelRefInfoRepo.BuiltinParameter" uuid="696b9051-921b-46ed-8b52-f0775d135a8a">
        <dimensions>1</dimensions>
        <dimensions>1</dimensions>
        <isUsed>true</isUsed>
        <numDimensions>2</numDimensions>
        <parameterName>V</parameterName>
      </globalVariables>
      <globalVariables type="ModelRefInfoRepo.BuiltinParameter" uuid="714df0e7-96a4-46bc-9935-429a57ffbd77">
        <dimensions>1</dimensions>
        <dimensions>1</dimensions>
        <isUsed>true</isUsed>
        <numDimensions>2</numDimensions>
        <parameterName>g</parameterName>
      </globalVariables>
      <globalVariables type="ModelRefInfoRepo.BuiltinParameter" uuid="65e0c27f-c319-4d34-83d3-55174655aae6">
        <dimensions>1</dimensions>
        <dimensions>1</dimensions>
        <isUsed>true</isUsed>
        <numDimensions>2</numDimensions>
        <parameterName>m</parameterName>
      </globalVariables>
      <globalVariables type="ModelRefInfoRepo.BuiltinParameter" uuid="a7d474c7-7bf1-4379-a448-67e4ff76c0bf">
        <dimensions>1</dimensions>
        <dimensions>1</dimensions>
        <isUsed>true</isUsed>
        <numDimensions>2</numDimensions>
        <parameterName>rho</parameterName>
      </globalVariables>
    </interfaceParameterInfo>
    <messageInfo type="ModelRefInfoRepo.MessageInformation" uuid="39dbf219-e41e-47b0-a5d7-4b2146e59ca8"/>
    <methodInfo type="ModelRefInfoRepo.MethodExistenceInfo" uuid="7e4cdd0b-3da0-4e1d-846d-09de6da44180">
      <hasDerivMethod>true</hasDerivMethod>
      <hasDisableMethod>true</hasDisableMethod>
      <hasForcingFunctionMethod>true</hasForcingFunctionMethod>
      <hasSystemInitializeMethod>true</hasSystemInitializeMethod>
      <hasSystemResetMethod>true</hasSystemResetMethod>
      <hasTerminateMethod>true</hasTerminateMethod>
      <hasUpdateMethod>true</hasUpdateMethod>
    </methodInfo>
    <periodicEventPortUnsupportedBlockInfo type="ModelRefInfoRepo.PeriodicEventPortUnsupportedBlockInfo" uuid="1fda9409-70e6-44df-abc8-45b7fdbc3d2e"/>
    <portGroupsRequireSameRate type="ModelRefInfoRepo.PortGroupsRequireSameRate" uuid="fd2640c3-1092-4ee6-a4f8-e7078ef69ad5">
      <DSMPortGroups type="ModelRefInfoRepo.NameToPortGroupIdxVectMap" uuid="3edf9250-538f-4583-85bf-06ca512a7fbe"/>
      <GlobalDSMPortGroups type="ModelRefInfoRepo.NameToPortGroupIdxVectMap" uuid="37ecbbc4-e715-479b-a135-0378e90213cd"/>
      <mergedPortGroups type="ModelRefInfoRepo.NameToPortGroupIdxVectMap" uuid="879487b3-c14b-4f8b-9575-fcff5ff032d6"/>
    </portGroupsRequireSameRate>
    <rateBasedMdlGlobalDSMRateSpec type="ModelRefInfoRepo.GlobalDSMRateSpecMap" uuid="9033e44c-af10-459e-a5c1-b03640bd3ab7"/>
    <rateSpecOfGlobalDSMAccessedByDescExpFcnMdlMap type="ModelRefInfoRepo.GlobalDSMRateSpecMap" uuid="102c28b7-b4dc-416b-b174-5c789e657ffe"/>
    <rootBlockDiagramInterface type="ci.Model" uuid="fc845cc8-2345-4ed0-a14a-8151937f98a7">
      <p_RootComponentInterface type="ci.ComponentInterface" uuid="ea76d26f-f1e3-4c13-a910-5346d0359fe7">
        <p_Name>MathematicalModel</p_Name>
        <p_Type>ROOT</p_Type>
      </p_RootComponentInterface>
    </rootBlockDiagramInterface>
    <simulinkFunctions type="ModelRefInfoRepo.SimulinkFunctions" uuid="c009368d-336f-47d9-b3d4-6b3d11ae6580">
      <compSimulinkFunctionCatalog></compSimulinkFunctionCatalog>
    </simulinkFunctions>
    <sltpContext type="sltp.mm.core.Context" uuid="9163d92d-0590-41fc-b13d-3bf36253804b">
      <priorityDirection>HighNumberLast</priorityDirection>
      <unusedTaskIds>1</unusedTaskIds>
      <defaultEventBehavior type="sltp.mm.core.EventBehavior" uuid="20acfb17-c6b5-4a78-9c36-261814a06c6d"/>
      <editorState type="sltp.mm.core.EditorState" uuid="ef1cfea2-484a-420d-ae76-3d2ab30b0402">
        <isSynchronized>true</isSynchronized>
        <panelState type="sltp.mm.core.EditorPanelState" uuid="0bb34eb9-3f07-403c-a299-ffd7020be893"/>
      </editorState>
      <rootTask type="sltp.mm.core.Task" uuid="59365742-cebd-49a8-88f4-2a1a60c73799">
        <context type="sltp.mm.core.Context" uuid="9163d92d-0590-41fc-b13d-3bf36253804b"/>
        <explicit>false</explicit>
        <name>Default</name>
        <priority>-2147483648</priority>
        <subgraph type="sltp.mm.core.Graph" uuid="8211f6f3-6456-4fdd-9fdd-6db8c05fb759">
          <tasks type="sltp.mm.core.Task" uuid="b28311e4-49d2-4512-8c65-14253cd05296">
            <baseTask>true</baseTask>
            <context type="sltp.mm.core.Context" uuid="9163d92d-0590-41fc-b13d-3bf36253804b"/>
            <explicit>false</explicit>
            <id>2</id>
            <isTimed>true</isTimed>
            <name>Cont</name>
            <priority>40</priority>
            <rates type="sltp.mm.core.Rate" uuid="a83906df-4bc2-4c67-8d1f-f644b897e33e">
              <annotation>Cont</annotation>
              <color>255</color>
              <hasBlocks>true</hasBlocks>
              <identifier>Continuous00</identifier>
              <rateIndex>0</rateIndex>
              <rateSpec type="sltp.mm.core.RateSpec">
                <period>0.0</period>
              </rateSpec>
              <sti>0</sti>
            </rates>
            <rates type="sltp.mm.core.Rate" uuid="2143a4e0-1df5-4b35-977c-35be6eb55729">
              <annotation>FiM</annotation>
              <color>2105376255</color>
              <hasBlocks>true</hasBlocks>
              <rateIndex>1</rateIndex>
              <rateSpec type="sltp.mm.core.RateSpec">
                <offset>1.0</offset>
                <period>0.0</period>
              </rateSpec>
              <sti>1</sti>
            </rates>
            <rates type="sltp.mm.core.Rate" uuid="d6ac4a89-8d2b-46ae-b29f-b4fcd0caa77f">
              <annotation>D1</annotation>
              <color>-12240129</color>
              <hasBlocks>true</hasBlocks>
              <rateIndex>2</rateIndex>
              <rateSpec type="sltp.mm.core.RateSpec">
                <period>2e-05</period>
              </rateSpec>
              <sti>2</sti>
            </rates>
            <rates type="sltp.mm.core.Rate" uuid="828a8e13-4345-4b4c-bde3-4a671e4d045f">
              <annotation>D2</annotation>
              <color>986198527</color>
              <hasBlocks>true</hasBlocks>
              <rateIndex>3</rateIndex>
              <rateSpec type="sltp.mm.core.RateSpec">
                <period>.5</period>
              </rateSpec>
              <sti>3</sti>
            </rates>
          </tasks>
        </subgraph>
      </rootTask>
    </sltpContext>
    <stateWriterToOwnerMap type="ModelRefInfoRepo.StateWriterInfo" uuid="45645485-c30f-4c75-8328-f69bdb57a1f2"/>
    <stoClientDataRegistry type="sto.ClientDataRegistry" uuid="8ec873df-69dd-4456-9791-05ffd8b17945">
      <dataSets type="sto.ClientClockNamedDataSet" uuid="181e47f5-c3ee-4e79-934f-56c7af91ce97">
        <tag>sltpEvents</tag>
      </dataSets>
      <dataSets type="sto.ClientTaskHierarchyElementNamedDataSet" uuid="caee3d20-c4cd-4ee6-907b-e0bc4a5bfac8">
        <tag>sltpTaskGroups</tag>
      </dataSets>
      <dataSets type="sto.ClientTaskHierarchyElementNamedDataSet" uuid="77702010-246f-44bb-9ce1-97023bf85b33">
        <dSet type="ModelRefInfoRepo.SltpTaskData" uuid="8c89741b-81a2-4f7b-b165-1f9d6403a1c8"/>
        <tSet type="ModelRefInfoRepo.SltpTaskData" uuid="8c89741b-81a2-4f7b-b165-1f9d6403a1c8">
          <dataName>Cont</dataName>
          <linkedSet type="sto.ClientTaskHierarchyElementNamedDataSet" uuid="77702010-246f-44bb-9ce1-97023bf85b33"/>
          <id type="sto.TaskHierarchyElementId">
            <clockId>MathematicalModel::defaultTimer</clockId>
            <id>_task0</id>
          </id>
        </tSet>
        <tag>sltpTasks</tag>
      </dataSets>
    </stoClientDataRegistry>
    <typeTable type="type_info.TypeTable" uuid="bf22d59c-55c0-4dd9-b70b-09c0c4e10f8a">
      <Types type="type_info.Type" uuid="7d62d21c-ee0d-49e3-901d-6cc20ba2b1b3">
        <DataTypeId>17</DataTypeId>
        <Size>24</Size>
        <Name>Ping_v31</Name>
      </Types>
      <Types type="type_info.Type" uuid="354f71a9-0947-4f07-9924-1735f524ffb1">
        <DataTypeId>12</DataTypeId>
        <Size>8</Size>
        <Name>action</Name>
      </Types>
      <Types type="type_info.NumericType" uuid="b7116794-5ac3-4b5a-8045-0b8b95ef79d3">
        <DataTypeId>8</DataTypeId>
        <MxClassId>3</MxClassId>
        <Size>1</Size>
        <typeEnum>NUMERIC</typeEnum>
        <Name>boolean</Name>
      </Types>
      <Types type="type_info.Type" uuid="97c39698-24c4-4892-a0ac-528d70ffba52">
        <DataTypeId>18</DataTypeId>
        <Size>12</Size>
        <Name>codertarget_arduinobase_internal_arduino_PWMOutput2</Name>
      </Types>
      <Types type="type_info.NumericType" uuid="511f70ac-59c3-476d-bac3-557dbad8a4e9">
        <MxClassId>6</MxClassId>
        <Size>8</Size>
        <typeEnum>NUMERIC</typeEnum>
        <Name>double</Name>
      </Types>
      <Types type="type_info.Type" uuid="37ea6eaa-aa2b-4b0e-b747-2ddd602e6595">
        <DataTypeId>9</DataTypeId>
        <Name>fcn_call</Name>
      </Types>
      <Types type="type_info.NumericType" uuid="23932b40-6d75-4b3f-925d-8a94c85a1306">
        <DataTypeId>4</DataTypeId>
        <MxClassId>10</MxClassId>
        <Size>2</Size>
        <typeEnum>NUMERIC</typeEnum>
        <Name>int16</Name>
      </Types>
      <Types type="type_info.NumericType" uuid="98e38ac3-f9ea-4cb9-b05f-222bad6d55b1">
        <DataTypeId>6</DataTypeId>
        <MxClassId>12</MxClassId>
        <Size>4</Size>
        <typeEnum>NUMERIC</typeEnum>
        <Name>int32</Name>
      </Types>
      <Types type="type_info.FixedPointType" uuid="086d5452-d1b0-4421-b318-21b956279aaa">
        <DataTypeId>15</DataTypeId>
        <Size>8</Size>
        <typeEnum>FIXPOINT</typeEnum>
        <Name>int64</Name>
      </Types>
      <Types type="type_info.NumericType" uuid="ae68afc2-a887-4587-b671-64eb20b017e4">
        <DataTypeId>2</DataTypeId>
        <MxClassId>8</MxClassId>
        <Size>1</Size>
        <typeEnum>NUMERIC</typeEnum>
        <Name>int8</Name>
      </Types>
      <Types type="type_info.Type" uuid="0458e535-0ed7-4e7b-b470-6d4bb7c3ca4e">
        <DataTypeId>10</DataTypeId>
        <MxClassId>12</MxClassId>
        <Size>4</Size>
        <Name>integer</Name>
      </Types>
      <Types type="type_info.Type" uuid="6ae8e525-0dd6-48db-a603-b9ec431db307">
        <DataTypeId>14</DataTypeId>
        <Size>8</Size>
        <Name>physical_connection</Name>
      </Types>
      <Types type="type_info.Type" uuid="bf7ec6f3-3c4d-451a-a446-12e0cda8ab29">
        <DataTypeId>11</DataTypeId>
        <Size>8</Size>
        <Name>pointer</Name>
      </Types>
      <Types type="type_info.NumericType" uuid="acee6650-3e68-4be4-95cb-a3fb9ffd37ab">
        <DataTypeId>1</DataTypeId>
        <MxClassId>7</MxClassId>
        <Size>4</Size>
        <typeEnum>NUMERIC</typeEnum>
        <Name>single</Name>
      </Types>
      <Types type="type_info.Type" uuid="211687cb-798b-4732-8324-a76365f2fd59">
        <DataTypeId>13</DataTypeId>
        <Size>8</Size>
        <Name>timer_uint32_pair</Name>
      </Types>
      <Types type="type_info.NumericType" uuid="91d09c2a-7b47-4a09-a7fc-0fc752cde6ec">
        <DataTypeId>5</DataTypeId>
        <MxClassId>11</MxClassId>
        <Size>2</Size>
        <typeEnum>NUMERIC</typeEnum>
        <Name>uint16</Name>
      </Types>
      <Types type="type_info.NumericType" uuid="191d8f51-8b70-4800-b1ab-662ce3701340">
        <DataTypeId>7</DataTypeId>
        <MxClassId>13</MxClassId>
        <Size>4</Size>
        <typeEnum>NUMERIC</typeEnum>
        <Name>uint32</Name>
      </Types>
      <Types type="type_info.FixedPointType" uuid="62b107b8-2cb0-49d9-9661-36a5dd95c3c1">
        <DataTypeId>16</DataTypeId>
        <Size>8</Size>
        <typeEnum>FIXPOINT</typeEnum>
        <Name>uint64</Name>
      </Types>
      <Types type="type_info.NumericType" uuid="b8373af3-aaaa-46a7-b329-ee520ed59211">
        <DataTypeId>3</DataTypeId>
        <MxClassId>9</MxClassId>
        <Size>1</Size>
        <typeEnum>NUMERIC</typeEnum>
        <Name>uint8</Name>
      </Types>
      <isInitialized>true</isInitialized>
    </typeTable>
    <varTsUIDMap type="ModelRefInfoRepo.VarTsUIDMap" uuid="cac236a0-3a86-4345-80a3-07022fa1df79"/>
  </ModelRefInfoRepo.ModelRefInfoRoot>
</MF0>