<?xml version="1.0" encoding="UTF-8"?>
<MF0 version="1.1" packageUris="http://schema.mathworks.com/mf0/slsa_mm_param_rtp/R2023a">
  <slsa.mm.param.rtp.Parameter type="slsa.mm.param.rtp.Parameter" uuid="4ddad3bb-47cc-4382-bf2e-190bf8349efa">
    <id type="slsa.mm.param.rtp.VariableId" uuid="f4c9d4fe-a535-4895-91b1-8d41093504ed"/>
    <rtpLocation type="slsa.mm.param.rtp.RtpLocation" uuid="d29d7bd0-b5f3-46d5-92c7-ec436d127b9c"/>
  </slsa.mm.param.rtp.Parameter>
  <slsa.mm.param.rtp.ModelMetadata type="slsa.mm.param.rtp.ModelMetadata" uuid="85726313-4381-4c96-a931-c08f2ad173bb">
    <modelName>MathematicalModel</modelName>
  </slsa.mm.param.rtp.ModelMetadata>
  <slsa.mm.param.rtp.BlockParameterId type="slsa.mm.param.rtp.BlockParameterId" uuid="bc92097e-8fed-4edb-a138-5b9360e3ff41">
    <blockPath>MathematicalModel/Ultrasonic Sensor/State Space</blockPath>
    <name>B_pr</name>
    <parameter type="slsa.mm.param.rtp.Parameter" uuid="4a2e048d-9f68-4490-8bc5-a6f459430552"/>
  </slsa.mm.param.rtp.BlockParameterId>
  <slsa.mm.param.rtp.VariableId type="slsa.mm.param.rtp.VariableId" uuid="7cadaba9-33b3-4953-aaea-8bef6242812b">
    <workspaceName>global-workspace</workspaceName>
    <name>g</name>
    <parameter type="slsa.mm.param.rtp.Parameter" uuid="e0163a44-b39e-4f35-ab12-3719fa9d46c8"/>
  </slsa.mm.param.rtp.VariableId>
  <slsa.mm.param.rtp.BlockParameterId type="slsa.mm.param.rtp.BlockParameterId" uuid="74fcb2d2-4965-4d46-bbe8-997c9b8b5fc0">
    <blockPath>MathematicalModel/Transfer Fcn (with initial outputs)/State Space</blockPath>
    <name>A_jc</name>
    <parameter type="slsa.mm.param.rtp.Parameter" uuid="ba172d4b-25f8-4df6-a65d-5b4025626c74"/>
  </slsa.mm.param.rtp.BlockParameterId>
  <slsa.mm.param.rtp.VariableId type="slsa.mm.param.rtp.VariableId" uuid="f4c9d4fe-a535-4895-91b1-8d41093504ed">
    <workspaceName>global-workspace</workspaceName>
    <name>V</name>
    <parameter type="slsa.mm.param.rtp.Parameter" uuid="4ddad3bb-47cc-4382-bf2e-190bf8349efa"/>
  </slsa.mm.param.rtp.VariableId>
  <slsa.mm.param.rtp.RtpLocation type="slsa.mm.param.rtp.RtpLocation" uuid="d29d7bd0-b5f3-46d5-92c7-ec436d127b9c">
    <parameter type="slsa.mm.param.rtp.Parameter" uuid="4ddad3bb-47cc-4382-bf2e-190bf8349efa"/>
    <valueIndices>0</valueIndices>
    <valueIndices>0</valueIndices>
  </slsa.mm.param.rtp.RtpLocation>
  <slsa.mm.param.rtp.BlockParameterId type="slsa.mm.param.rtp.BlockParameterId" uuid="080b2534-3d3b-4e13-9a9a-1c868674d648">
    <blockPath>MathematicalModel/Ultrasonic Sensor/State Space</blockPath>
    <name>B_jc</name>
    <parameter type="slsa.mm.param.rtp.Parameter" uuid="200e16ed-53a2-4aaf-8f0b-4379548fef1d"/>
  </slsa.mm.param.rtp.BlockParameterId>
  <slsa.mm.param.rtp.Parameter type="slsa.mm.param.rtp.Parameter" uuid="c832fcbc-960c-463e-9307-7084ed7b7ec5">
    <id type="slsa.mm.param.rtp.BlockParameterId" uuid="7a12230a-e1f9-4555-a36a-3a94f9dbfa47"/>
    <rtpLocation type="slsa.mm.param.rtp.RtpLocation" uuid="16271b83-b6f7-43e7-86e7-212aed4a3d9e"/>
  </slsa.mm.param.rtp.Parameter>
  <slsa.mm.param.rtp.RtpLocation type="slsa.mm.param.rtp.RtpLocation" uuid="c8bc2f83-b258-41c8-aefd-514880189354">
    <parameter type="slsa.mm.param.rtp.Parameter" uuid="1836d3c8-cdf3-4fbd-91f2-bd808329ce25"/>
    <segmentIndex>1</segmentIndex>
    <valueIndices>3</valueIndices>
    <valueIndices>3</valueIndices>
  </slsa.mm.param.rtp.RtpLocation>
  <slsa.mm.param.rtp.RtpLocation type="slsa.mm.param.rtp.RtpLocation" uuid="485ac53a-2714-40a9-8edc-722a942990f1">
    <parameter type="slsa.mm.param.rtp.Parameter" uuid="e0163a44-b39e-4f35-ab12-3719fa9d46c8"/>
    <valueIndices>1</valueIndices>
    <valueIndices>1</valueIndices>
  </slsa.mm.param.rtp.RtpLocation>
  <slsa.mm.param.rtp.Parameter type="slsa.mm.param.rtp.Parameter" uuid="200e16ed-53a2-4aaf-8f0b-4379548fef1d">
    <id type="slsa.mm.param.rtp.BlockParameterId" uuid="080b2534-3d3b-4e13-9a9a-1c868674d648"/>
    <rtpLocation type="slsa.mm.param.rtp.RtpLocation" uuid="42c3c78f-2646-460d-b737-baf29c5ed645"/>
  </slsa.mm.param.rtp.Parameter>
  <slsa.mm.param.rtp.RtpLocation type="slsa.mm.param.rtp.RtpLocation" uuid="20588665-e920-4842-98c9-7bb32292ab72">
    <parameter type="slsa.mm.param.rtp.Parameter" uuid="f67aa1dc-1d82-4a33-8c7c-4a382f360e74"/>
    <segmentIndex>1</segmentIndex>
    <valueIndices>6</valueIndices>
    <valueIndices>6</valueIndices>
  </slsa.mm.param.rtp.RtpLocation>
  <slsa.mm.param.rtp.Parameter type="slsa.mm.param.rtp.Parameter" uuid="e0163a44-b39e-4f35-ab12-3719fa9d46c8">
    <id type="slsa.mm.param.rtp.VariableId" uuid="7cadaba9-33b3-4953-aaea-8bef6242812b"/>
    <rtpLocation type="slsa.mm.param.rtp.RtpLocation" uuid="485ac53a-2714-40a9-8edc-722a942990f1"/>
  </slsa.mm.param.rtp.Parameter>
  <slsa.mm.param.rtp.Parameter type="slsa.mm.param.rtp.Parameter" uuid="4913a7d1-a0b8-44d8-a176-ec49e224ac22">
    <id type="slsa.mm.param.rtp.VariableId" uuid="248f9601-10d4-470c-84ce-c10c5fedd782"/>
    <rtpLocation type="slsa.mm.param.rtp.RtpLocation" uuid="3bb74579-9682-435f-9dac-861102b2b7d0"/>
  </slsa.mm.param.rtp.Parameter>
  <slsa.mm.param.rtp.VariableId type="slsa.mm.param.rtp.VariableId" uuid="248f9601-10d4-470c-84ce-c10c5fedd782">
    <workspaceName>global-workspace</workspaceName>
    <name>m</name>
    <parameter type="slsa.mm.param.rtp.Parameter" uuid="4913a7d1-a0b8-44d8-a176-ec49e224ac22"/>
  </slsa.mm.param.rtp.VariableId>
  <slsa.mm.param.rtp.RtpLocation type="slsa.mm.param.rtp.RtpLocation" uuid="3bb74579-9682-435f-9dac-861102b2b7d0">
    <parameter type="slsa.mm.param.rtp.Parameter" uuid="4913a7d1-a0b8-44d8-a176-ec49e224ac22"/>
    <valueIndices>2</valueIndices>
    <valueIndices>2</valueIndices>
  </slsa.mm.param.rtp.RtpLocation>
  <slsa.mm.param.rtp.Parameter type="slsa.mm.param.rtp.Parameter" uuid="f67aa1dc-1d82-4a33-8c7c-4a382f360e74">
    <id type="slsa.mm.param.rtp.BlockParameterId" uuid="b83accfa-33ef-41d6-bc8f-041b6245ec0f"/>
    <rtpLocation type="slsa.mm.param.rtp.RtpLocation" uuid="20588665-e920-4842-98c9-7bb32292ab72"/>
  </slsa.mm.param.rtp.Parameter>
  <slsa.mm.param.rtp.Parameter type="slsa.mm.param.rtp.Parameter" uuid="36e8551a-2725-41e2-9895-44c2afc4df31">
    <id type="slsa.mm.param.rtp.VariableId" uuid="6f8c36dd-d564-4a6f-90bc-aa4e9e9be790"/>
    <rtpLocation type="slsa.mm.param.rtp.RtpLocation" uuid="e52b669d-177a-4687-b3ed-a701653171de"/>
  </slsa.mm.param.rtp.Parameter>
  <slsa.mm.param.rtp.VariableId type="slsa.mm.param.rtp.VariableId" uuid="6f8c36dd-d564-4a6f-90bc-aa4e9e9be790">
    <workspaceName>global-workspace</workspaceName>
    <name>rho</name>
    <parameter type="slsa.mm.param.rtp.Parameter" uuid="36e8551a-2725-41e2-9895-44c2afc4df31"/>
  </slsa.mm.param.rtp.VariableId>
  <slsa.mm.param.rtp.RtpLocation type="slsa.mm.param.rtp.RtpLocation" uuid="e52b669d-177a-4687-b3ed-a701653171de">
    <parameter type="slsa.mm.param.rtp.Parameter" uuid="36e8551a-2725-41e2-9895-44c2afc4df31"/>
    <valueIndices>3</valueIndices>
    <valueIndices>3</valueIndices>
  </slsa.mm.param.rtp.RtpLocation>
  <slsa.mm.param.rtp.Parameter type="slsa.mm.param.rtp.Parameter" uuid="1836d3c8-cdf3-4fbd-91f2-bd808329ce25">
    <id type="slsa.mm.param.rtp.BlockParameterId" uuid="696e46e6-5087-4387-b955-0c4541b43345"/>
    <rtpLocation type="slsa.mm.param.rtp.RtpLocation" uuid="c8bc2f83-b258-41c8-aefd-514880189354"/>
  </slsa.mm.param.rtp.Parameter>
  <slsa.mm.param.rtp.Parameter type="slsa.mm.param.rtp.Parameter" uuid="985c602a-f7bd-477e-a708-954a64103eb5">
    <id type="slsa.mm.param.rtp.BlockParameterId" uuid="9a4310d9-6fc9-46d1-b30e-a8258082a35f"/>
    <rtpLocation type="slsa.mm.param.rtp.RtpLocation" uuid="a66ae73b-93dc-4168-ac60-eb2ca00b2fb7"/>
  </slsa.mm.param.rtp.Parameter>
  <slsa.mm.param.rtp.RtpLocation type="slsa.mm.param.rtp.RtpLocation" uuid="5ae60604-16bb-444a-8332-0fe29f2ab782">
    <parameter type="slsa.mm.param.rtp.Parameter" uuid="b149358f-4ab6-4736-91e0-86713319425d"/>
    <valueIndices>22</valueIndices>
    <valueIndices>22</valueIndices>
  </slsa.mm.param.rtp.RtpLocation>
  <slsa.mm.param.rtp.BlockParameterId type="slsa.mm.param.rtp.BlockParameterId" uuid="9a4310d9-6fc9-46d1-b30e-a8258082a35f">
    <blockPath>MathematicalModel/Ultrasonic Sensor/State Space</blockPath>
    <name>A_pr</name>
    <parameter type="slsa.mm.param.rtp.Parameter" uuid="985c602a-f7bd-477e-a708-954a64103eb5"/>
  </slsa.mm.param.rtp.BlockParameterId>
  <slsa.mm.param.rtp.RtpLocation type="slsa.mm.param.rtp.RtpLocation" uuid="a66ae73b-93dc-4168-ac60-eb2ca00b2fb7">
    <parameter type="slsa.mm.param.rtp.Parameter" uuid="985c602a-f7bd-477e-a708-954a64103eb5"/>
    <valueIndices>19</valueIndices>
    <valueIndices>19</valueIndices>
  </slsa.mm.param.rtp.RtpLocation>
  <slsa.mm.param.rtp.Parameter type="slsa.mm.param.rtp.Parameter" uuid="a62a9d7f-ac5a-497f-9774-0172a9d4d6d6">
    <id type="slsa.mm.param.rtp.BlockParameterId" uuid="f28d1a89-047d-4768-bbd9-e99bba58adea"/>
    <rtpLocation type="slsa.mm.param.rtp.RtpLocation" uuid="eeeeccfd-8984-4a93-9a98-8f09d592bf01"/>
  </slsa.mm.param.rtp.Parameter>
  <slsa.mm.param.rtp.BlockParameterId type="slsa.mm.param.rtp.BlockParameterId" uuid="0a9671ed-760a-4572-bd8a-b0df5822bccb">
    <blockPath>MathematicalModel/Transfer Fcn (with initial outputs)/State Space</blockPath>
    <name>InitialCondition</name>
    <parameter type="slsa.mm.param.rtp.Parameter" uuid="30b2cb8e-4d4c-4786-a4e8-f191bb388923"/>
  </slsa.mm.param.rtp.BlockParameterId>
  <slsa.mm.param.rtp.Parameter type="slsa.mm.param.rtp.Parameter" uuid="4a2e048d-9f68-4490-8bc5-a6f459430552">
    <id type="slsa.mm.param.rtp.BlockParameterId" uuid="bc92097e-8fed-4edb-a138-5b9360e3ff41"/>
    <rtpLocation type="slsa.mm.param.rtp.RtpLocation" uuid="2a011101-f7ca-441c-b373-520282ddbd92"/>
  </slsa.mm.param.rtp.Parameter>
  <slsa.mm.param.rtp.BlockParameterId type="slsa.mm.param.rtp.BlockParameterId" uuid="4a66419b-58dd-4887-8cba-80e31e9e7fae">
    <blockPath>MathematicalModel/Transfer Fcn (with initial outputs)/State Space</blockPath>
    <name>C_pr</name>
    <parameter type="slsa.mm.param.rtp.Parameter" uuid="22f1ebe8-b5f0-4f7f-9699-b8e5c08ebafe"/>
  </slsa.mm.param.rtp.BlockParameterId>
  <slsa.mm.param.rtp.RtpLocation type="slsa.mm.param.rtp.RtpLocation" uuid="2a011101-f7ca-441c-b373-520282ddbd92">
    <parameter type="slsa.mm.param.rtp.Parameter" uuid="4a2e048d-9f68-4490-8bc5-a6f459430552"/>
    <valueIndices>20</valueIndices>
    <valueIndices>20</valueIndices>
  </slsa.mm.param.rtp.RtpLocation>
  <slsa.mm.param.rtp.Parameter type="slsa.mm.param.rtp.Parameter" uuid="30b2cb8e-4d4c-4786-a4e8-f191bb388923">
    <id type="slsa.mm.param.rtp.BlockParameterId" uuid="0a9671ed-760a-4572-bd8a-b0df5822bccb"/>
    <rtpLocation type="slsa.mm.param.rtp.RtpLocation" uuid="f5a43131-75b3-4ef7-a2fc-8ca413d27b03"/>
  </slsa.mm.param.rtp.Parameter>
  <slsa.mm.param.rtp.Parameter type="slsa.mm.param.rtp.Parameter" uuid="b014580f-55c0-4206-85a5-9677abf1443b">
    <id type="slsa.mm.param.rtp.BlockParameterId" uuid="a7378034-f517-4d2d-ac3f-330782eaf707"/>
    <rtpLocation type="slsa.mm.param.rtp.RtpLocation" uuid="3e72af22-d721-495e-a4c1-bf689dc278d6"/>
  </slsa.mm.param.rtp.Parameter>
  <slsa.mm.param.rtp.BlockParameterId type="slsa.mm.param.rtp.BlockParameterId" uuid="a7378034-f517-4d2d-ac3f-330782eaf707">
    <blockPath>MathematicalModel/Ultrasonic Sensor/State Space</blockPath>
    <name>C_pr</name>
    <parameter type="slsa.mm.param.rtp.Parameter" uuid="b014580f-55c0-4206-85a5-9677abf1443b"/>
  </slsa.mm.param.rtp.BlockParameterId>
  <slsa.mm.param.rtp.Parameter type="slsa.mm.param.rtp.Parameter" uuid="fe9ebf41-0941-4ebe-a4dc-a9028052da18">
    <id type="slsa.mm.param.rtp.BlockParameterId" uuid="dd18af2a-a3a5-4eab-861d-90d349f8cfbc"/>
    <rtpLocation type="slsa.mm.param.rtp.RtpLocation" uuid="0ee213f1-0a56-4f47-ac61-a38fdb566154"/>
  </slsa.mm.param.rtp.Parameter>
  <slsa.mm.param.rtp.RtpLocation type="slsa.mm.param.rtp.RtpLocation" uuid="3e72af22-d721-495e-a4c1-bf689dc278d6">
    <parameter type="slsa.mm.param.rtp.Parameter" uuid="b014580f-55c0-4206-85a5-9677abf1443b"/>
    <valueIndices>21</valueIndices>
    <valueIndices>21</valueIndices>
  </slsa.mm.param.rtp.RtpLocation>
  <slsa.mm.param.rtp.Parameter type="slsa.mm.param.rtp.Parameter" uuid="b149358f-4ab6-4736-91e0-86713319425d">
    <id type="slsa.mm.param.rtp.BlockParameterId" uuid="d08c8745-7f85-4331-885e-34cc2b9922fc"/>
    <rtpLocation type="slsa.mm.param.rtp.RtpLocation" uuid="5ae60604-16bb-444a-8332-0fe29f2ab782"/>
  </slsa.mm.param.rtp.Parameter>
  <slsa.mm.param.rtp.BlockParameterId type="slsa.mm.param.rtp.BlockParameterId" uuid="d08c8745-7f85-4331-885e-34cc2b9922fc">
    <blockPath>MathematicalModel/Ultrasonic Sensor/State Space</blockPath>
    <name>InitialCondition</name>
    <parameter type="slsa.mm.param.rtp.Parameter" uuid="b149358f-4ab6-4736-91e0-86713319425d"/>
  </slsa.mm.param.rtp.BlockParameterId>
  <slsa.mm.param.rtp.BlockParameterId type="slsa.mm.param.rtp.BlockParameterId" uuid="dd18af2a-a3a5-4eab-861d-90d349f8cfbc">
    <blockPath>MathematicalModel/Transfer Fcn (with initial outputs)/State Space</blockPath>
    <name>A_pr</name>
    <parameter type="slsa.mm.param.rtp.Parameter" uuid="fe9ebf41-0941-4ebe-a4dc-a9028052da18"/>
  </slsa.mm.param.rtp.BlockParameterId>
  <slsa.mm.param.rtp.RtpLocation type="slsa.mm.param.rtp.RtpLocation" uuid="0ee213f1-0a56-4f47-ac61-a38fdb566154">
    <parameter type="slsa.mm.param.rtp.Parameter" uuid="fe9ebf41-0941-4ebe-a4dc-a9028052da18"/>
    <valueIndices>834</valueIndices>
    <valueIndices>835</valueIndices>
  </slsa.mm.param.rtp.RtpLocation>
  <slsa.mm.param.rtp.Parameter type="slsa.mm.param.rtp.Parameter" uuid="fd9be368-0693-4147-8484-bc6406ed0e6a">
    <id type="slsa.mm.param.rtp.BlockParameterId" uuid="ba2bd5a5-e8e7-404f-a99e-46fa2f95297d"/>
    <rtpLocation type="slsa.mm.param.rtp.RtpLocation" uuid="7898e074-e282-426d-b1f0-10b23687a03a"/>
  </slsa.mm.param.rtp.Parameter>
  <slsa.mm.param.rtp.BlockParameterId type="slsa.mm.param.rtp.BlockParameterId" uuid="ba2bd5a5-e8e7-404f-a99e-46fa2f95297d">
    <blockPath>MathematicalModel/Transfer Fcn (with initial outputs)/State Space</blockPath>
    <name>B_pr</name>
    <parameter type="slsa.mm.param.rtp.Parameter" uuid="fd9be368-0693-4147-8484-bc6406ed0e6a"/>
  </slsa.mm.param.rtp.BlockParameterId>
  <slsa.mm.param.rtp.Parameter type="slsa.mm.param.rtp.Parameter" uuid="ba172d4b-25f8-4df6-a65d-5b4025626c74">
    <id type="slsa.mm.param.rtp.BlockParameterId" uuid="74fcb2d2-4965-4d46-bbe8-997c9b8b5fc0"/>
    <rtpLocation type="slsa.mm.param.rtp.RtpLocation" uuid="d621e1a0-1979-4273-b4de-00c9c435bbd4"/>
  </slsa.mm.param.rtp.Parameter>
  <slsa.mm.param.rtp.BlockParameterId type="slsa.mm.param.rtp.BlockParameterId" uuid="7a12230a-e1f9-4555-a36a-3a94f9dbfa47">
    <blockPath>MathematicalModel/Ultrasonic Sensor/State Space</blockPath>
    <name>A_jc</name>
    <parameter type="slsa.mm.param.rtp.Parameter" uuid="c832fcbc-960c-463e-9307-7084ed7b7ec5"/>
  </slsa.mm.param.rtp.BlockParameterId>
  <slsa.mm.param.rtp.BlockParameterId type="slsa.mm.param.rtp.BlockParameterId" uuid="b83accfa-33ef-41d6-bc8f-041b6245ec0f">
    <blockPath>MathematicalModel/Ultrasonic Sensor/State Space</blockPath>
    <name>C_ir</name>
    <parameter type="slsa.mm.param.rtp.Parameter" uuid="f67aa1dc-1d82-4a33-8c7c-4a382f360e74"/>
  </slsa.mm.param.rtp.BlockParameterId>
  <slsa.mm.param.rtp.RtpLocation type="slsa.mm.param.rtp.RtpLocation" uuid="7898e074-e282-426d-b1f0-10b23687a03a">
    <parameter type="slsa.mm.param.rtp.Parameter" uuid="fd9be368-0693-4147-8484-bc6406ed0e6a"/>
    <valueIndices>836</valueIndices>
    <valueIndices>836</valueIndices>
  </slsa.mm.param.rtp.RtpLocation>
  <slsa.mm.param.rtp.Parameter type="slsa.mm.param.rtp.Parameter" uuid="22f1ebe8-b5f0-4f7f-9699-b8e5c08ebafe">
    <id type="slsa.mm.param.rtp.BlockParameterId" uuid="4a66419b-58dd-4887-8cba-80e31e9e7fae"/>
    <rtpLocation type="slsa.mm.param.rtp.RtpLocation" uuid="df796a23-93d9-4c85-ac65-28de81dfaf0d"/>
  </slsa.mm.param.rtp.Parameter>
  <slsa.mm.param.rtp.Parameter type="slsa.mm.param.rtp.Parameter" uuid="5f23893b-a6fc-4b0a-a306-03b2efda0d17">
    <id type="slsa.mm.param.rtp.BlockParameterId" uuid="c2a009cd-08eb-4cd8-9ca8-afb91526b4f3"/>
    <rtpLocation type="slsa.mm.param.rtp.RtpLocation" uuid="5555e16e-3ea6-42b9-b3f8-ca19d5317473"/>
  </slsa.mm.param.rtp.Parameter>
  <slsa.mm.param.rtp.RtpLocation type="slsa.mm.param.rtp.RtpLocation" uuid="df796a23-93d9-4c85-ac65-28de81dfaf0d">
    <parameter type="slsa.mm.param.rtp.Parameter" uuid="22f1ebe8-b5f0-4f7f-9699-b8e5c08ebafe"/>
    <valueIndices>837</valueIndices>
    <valueIndices>837</valueIndices>
  </slsa.mm.param.rtp.RtpLocation>
  <slsa.mm.param.rtp.RtpLocation type="slsa.mm.param.rtp.RtpLocation" uuid="f5a43131-75b3-4ef7-a2fc-8ca413d27b03">
    <parameter type="slsa.mm.param.rtp.Parameter" uuid="30b2cb8e-4d4c-4786-a4e8-f191bb388923"/>
    <valueIndices>838</valueIndices>
    <valueIndices>839</valueIndices>
  </slsa.mm.param.rtp.RtpLocation>
  <slsa.mm.param.rtp.Parameter type="slsa.mm.param.rtp.Parameter" uuid="a31adf99-62a4-43d3-96b4-c1cada0d4b06">
    <id type="slsa.mm.param.rtp.BlockParameterId" uuid="d9fadeb0-4533-4771-addd-786870d123b1"/>
    <rtpLocation type="slsa.mm.param.rtp.RtpLocation" uuid="acf583a7-0c9d-4694-b646-455b6df02e0b"/>
  </slsa.mm.param.rtp.Parameter>
  <slsa.mm.param.rtp.BlockParameterId type="slsa.mm.param.rtp.BlockParameterId" uuid="d9fadeb0-4533-4771-addd-786870d123b1">
    <blockPath>MathematicalModel/Ultrasonic Sensor/State Space</blockPath>
    <name>A_ir</name>
    <parameter type="slsa.mm.param.rtp.Parameter" uuid="a31adf99-62a4-43d3-96b4-c1cada0d4b06"/>
  </slsa.mm.param.rtp.BlockParameterId>
  <slsa.mm.param.rtp.RtpLocation type="slsa.mm.param.rtp.RtpLocation" uuid="acf583a7-0c9d-4694-b646-455b6df02e0b">
    <parameter type="slsa.mm.param.rtp.Parameter" uuid="a31adf99-62a4-43d3-96b4-c1cada0d4b06"/>
    <segmentIndex>1</segmentIndex>
    <valueIndices>0</valueIndices>
    <valueIndices>0</valueIndices>
  </slsa.mm.param.rtp.RtpLocation>
  <slsa.mm.param.rtp.RtpLocation type="slsa.mm.param.rtp.RtpLocation" uuid="d621e1a0-1979-4273-b4de-00c9c435bbd4">
    <parameter type="slsa.mm.param.rtp.Parameter" uuid="ba172d4b-25f8-4df6-a65d-5b4025626c74"/>
    <segmentIndex>1</segmentIndex>
    <valueIndices>11</valueIndices>
    <valueIndices>13</valueIndices>
  </slsa.mm.param.rtp.RtpLocation>
  <slsa.mm.param.rtp.BlockParameterId type="slsa.mm.param.rtp.BlockParameterId" uuid="16cbc8df-ad98-4fbd-8d34-82bdeac4980e">
    <blockPath>MathematicalModel/Transfer Fcn (with initial outputs)/State Space</blockPath>
    <name>C_ir</name>
    <parameter type="slsa.mm.param.rtp.Parameter" uuid="b33ac344-1fc0-4727-aa93-f0c2ed2317c3"/>
  </slsa.mm.param.rtp.BlockParameterId>
  <slsa.mm.param.rtp.RtpLocation type="slsa.mm.param.rtp.RtpLocation" uuid="16271b83-b6f7-43e7-86e7-212aed4a3d9e">
    <parameter type="slsa.mm.param.rtp.Parameter" uuid="c832fcbc-960c-463e-9307-7084ed7b7ec5"/>
    <segmentIndex>1</segmentIndex>
    <valueIndices>1</valueIndices>
    <valueIndices>2</valueIndices>
  </slsa.mm.param.rtp.RtpLocation>
  <slsa.mm.param.rtp.BlockParameterId type="slsa.mm.param.rtp.BlockParameterId" uuid="696e46e6-5087-4387-b955-0c4541b43345">
    <blockPath>MathematicalModel/Ultrasonic Sensor/State Space</blockPath>
    <name>B_ir</name>
    <parameter type="slsa.mm.param.rtp.Parameter" uuid="1836d3c8-cdf3-4fbd-91f2-bd808329ce25"/>
  </slsa.mm.param.rtp.BlockParameterId>
  <slsa.mm.param.rtp.BlockParameterId type="slsa.mm.param.rtp.BlockParameterId" uuid="c2a009cd-08eb-4cd8-9ca8-afb91526b4f3">
    <blockPath>MathematicalModel/Transfer Fcn (with initial outputs)/State Space</blockPath>
    <name>B_ir</name>
    <parameter type="slsa.mm.param.rtp.Parameter" uuid="5f23893b-a6fc-4b0a-a306-03b2efda0d17"/>
  </slsa.mm.param.rtp.BlockParameterId>
  <slsa.mm.param.rtp.RtpLocation type="slsa.mm.param.rtp.RtpLocation" uuid="42c3c78f-2646-460d-b737-baf29c5ed645">
    <parameter type="slsa.mm.param.rtp.Parameter" uuid="200e16ed-53a2-4aaf-8f0b-4379548fef1d"/>
    <segmentIndex>1</segmentIndex>
    <valueIndices>4</valueIndices>
    <valueIndices>5</valueIndices>
  </slsa.mm.param.rtp.RtpLocation>
  <slsa.mm.param.rtp.Parameter type="slsa.mm.param.rtp.Parameter" uuid="4423e82f-e111-4be1-90be-53f4e11542e6">
    <id type="slsa.mm.param.rtp.BlockParameterId" uuid="f9ce47db-e07c-40ac-9aa8-cfee99705f7f"/>
    <rtpLocation type="slsa.mm.param.rtp.RtpLocation" uuid="570f3fcc-289f-4b14-b745-090147887adc"/>
  </slsa.mm.param.rtp.Parameter>
  <slsa.mm.param.rtp.BlockParameterId type="slsa.mm.param.rtp.BlockParameterId" uuid="f9ce47db-e07c-40ac-9aa8-cfee99705f7f">
    <blockPath>MathematicalModel/Ultrasonic Sensor/State Space</blockPath>
    <name>C_jc</name>
    <parameter type="slsa.mm.param.rtp.Parameter" uuid="4423e82f-e111-4be1-90be-53f4e11542e6"/>
  </slsa.mm.param.rtp.BlockParameterId>
  <slsa.mm.param.rtp.RtpLocation type="slsa.mm.param.rtp.RtpLocation" uuid="570f3fcc-289f-4b14-b745-090147887adc">
    <parameter type="slsa.mm.param.rtp.Parameter" uuid="4423e82f-e111-4be1-90be-53f4e11542e6"/>
    <segmentIndex>1</segmentIndex>
    <valueIndices>7</valueIndices>
    <valueIndices>8</valueIndices>
  </slsa.mm.param.rtp.RtpLocation>
  <slsa.mm.param.rtp.BlockParameterId type="slsa.mm.param.rtp.BlockParameterId" uuid="f28d1a89-047d-4768-bbd9-e99bba58adea">
    <blockPath>MathematicalModel/Transfer Fcn (with initial outputs)/State Space</blockPath>
    <name>A_ir</name>
    <parameter type="slsa.mm.param.rtp.Parameter" uuid="a62a9d7f-ac5a-497f-9774-0172a9d4d6d6"/>
  </slsa.mm.param.rtp.BlockParameterId>
  <slsa.mm.param.rtp.RtpLocation type="slsa.mm.param.rtp.RtpLocation" uuid="eeeeccfd-8984-4a93-9a98-8f09d592bf01">
    <parameter type="slsa.mm.param.rtp.Parameter" uuid="a62a9d7f-ac5a-497f-9774-0172a9d4d6d6"/>
    <segmentIndex>1</segmentIndex>
    <valueIndices>9</valueIndices>
    <valueIndices>10</valueIndices>
  </slsa.mm.param.rtp.RtpLocation>
  <slsa.mm.param.rtp.RtpLocation type="slsa.mm.param.rtp.RtpLocation" uuid="5555e16e-3ea6-42b9-b3f8-ca19d5317473">
    <parameter type="slsa.mm.param.rtp.Parameter" uuid="5f23893b-a6fc-4b0a-a306-03b2efda0d17"/>
    <segmentIndex>1</segmentIndex>
    <valueIndices>14</valueIndices>
    <valueIndices>14</valueIndices>
  </slsa.mm.param.rtp.RtpLocation>
  <slsa.mm.param.rtp.Parameter type="slsa.mm.param.rtp.Parameter" uuid="a754dc89-3369-486e-9e6e-8aae1bdc68f2">
    <id type="slsa.mm.param.rtp.BlockParameterId" uuid="8487a694-9376-4826-a88b-3cbb66c97dac"/>
    <rtpLocation type="slsa.mm.param.rtp.RtpLocation" uuid="3c98a997-9030-4888-8d9a-49b625aef916"/>
  </slsa.mm.param.rtp.Parameter>
  <slsa.mm.param.rtp.BlockParameterId type="slsa.mm.param.rtp.BlockParameterId" uuid="8487a694-9376-4826-a88b-3cbb66c97dac">
    <blockPath>MathematicalModel/Transfer Fcn (with initial outputs)/State Space</blockPath>
    <name>B_jc</name>
    <parameter type="slsa.mm.param.rtp.Parameter" uuid="a754dc89-3369-486e-9e6e-8aae1bdc68f2"/>
  </slsa.mm.param.rtp.BlockParameterId>
  <slsa.mm.param.rtp.RtpLocation type="slsa.mm.param.rtp.RtpLocation" uuid="3c98a997-9030-4888-8d9a-49b625aef916">
    <parameter type="slsa.mm.param.rtp.Parameter" uuid="a754dc89-3369-486e-9e6e-8aae1bdc68f2"/>
    <segmentIndex>1</segmentIndex>
    <valueIndices>15</valueIndices>
    <valueIndices>16</valueIndices>
  </slsa.mm.param.rtp.RtpLocation>
  <slsa.mm.param.rtp.Parameter type="slsa.mm.param.rtp.Parameter" uuid="b33ac344-1fc0-4727-aa93-f0c2ed2317c3">
    <id type="slsa.mm.param.rtp.BlockParameterId" uuid="16cbc8df-ad98-4fbd-8d34-82bdeac4980e"/>
    <rtpLocation type="slsa.mm.param.rtp.RtpLocation" uuid="3c71a81a-493f-4319-9788-41f21be05d07"/>
  </slsa.mm.param.rtp.Parameter>
  <slsa.mm.param.rtp.RtpLocation type="slsa.mm.param.rtp.RtpLocation" uuid="3c71a81a-493f-4319-9788-41f21be05d07">
    <parameter type="slsa.mm.param.rtp.Parameter" uuid="b33ac344-1fc0-4727-aa93-f0c2ed2317c3"/>
    <segmentIndex>1</segmentIndex>
    <valueIndices>17</valueIndices>
    <valueIndices>17</valueIndices>
  </slsa.mm.param.rtp.RtpLocation>
  <slsa.mm.param.rtp.Parameter type="slsa.mm.param.rtp.Parameter" uuid="35adf248-ba66-409a-93f4-1d16e6deaae9">
    <id type="slsa.mm.param.rtp.BlockParameterId" uuid="4b4c29c6-ec80-4e9d-83d2-8d2807da208a"/>
    <rtpLocation type="slsa.mm.param.rtp.RtpLocation" uuid="4b0dd97c-4d9e-42e1-b0e8-60d35e7d1867"/>
  </slsa.mm.param.rtp.Parameter>
  <slsa.mm.param.rtp.BlockParameterId type="slsa.mm.param.rtp.BlockParameterId" uuid="4b4c29c6-ec80-4e9d-83d2-8d2807da208a">
    <blockPath>MathematicalModel/Transfer Fcn (with initial outputs)/State Space</blockPath>
    <name>C_jc</name>
    <parameter type="slsa.mm.param.rtp.Parameter" uuid="35adf248-ba66-409a-93f4-1d16e6deaae9"/>
  </slsa.mm.param.rtp.BlockParameterId>
  <slsa.mm.param.rtp.RtpLocation type="slsa.mm.param.rtp.RtpLocation" uuid="4b0dd97c-4d9e-42e1-b0e8-60d35e7d1867">
    <parameter type="slsa.mm.param.rtp.Parameter" uuid="35adf248-ba66-409a-93f4-1d16e6deaae9"/>
    <segmentIndex>1</segmentIndex>
    <valueIndices>18</valueIndices>
    <valueIndices>20</valueIndices>
  </slsa.mm.param.rtp.RtpLocation>
</MF0>